Segmentation,LeftSpeed,RightSpeed,HeadSpeed,LeftAccel,RightAccel,HeadAccel,RightLeftDist,LeftHeadDist,RightHeadDist
0,0.001,0.001,0.011,0.002,0.002,0.018,4.505,22.419,21.368
0,0.001,0.001,0.01,0.002,0.001,0.016,4.504,22.396,21.344
2,0.001,0.001,0.011,0.003,0.001,0.017,4.504,22.382,21.332
0,0.001,0.003,0.01,0.003,0.005,0.015,4.505,22.413,21.37
1,0.001,0.002,0.012,0.002,0.003,0.018,4.506,22.437,21.397
2,0.003,0.002,0.012,0.005,0.003,0.018,4.51,22.412,21.374
0,0.002,0.002,0.011,0.004,0.004,0.018,4.508,22.38,21.354
0,0.002,0.002,0.011,0.003,0.003,0.017,4.506,22.396,21.376
0,0.002,0.001,0.012,0.003,0.002,0.019,4.506,22.427,21.406
2,0.003,0.002,0.01,0.005,0.003,0.015,4.505,22.404,21.392
8,0.131,0.077,0.042,0.104,0.064,0.042,5.269,22.764,21.883
3,0.271,0.13,0.121,0.254,0.111,0.102,8.384,26.612,24.537
2,0.205,0.037,0.074,0.215,0.034,0.06,8.486,27.203,24.381
2,1.121,0.283,0.274,1.081,0.263,0.196,14.44,28.623,22.111
6,0.513,0.374,0.23,0.523,0.321,0.204,11.541,23.813,22.417
4,0.281,0.107,0.177,0.214,0.094,0.16,9.307,15.505,18.894
2,0.134,0.04,0.037,0.113,0.033,0.034,5.783,14.634,18.16
1,0.164,0.043,0.1,0.135,0.045,0.067,5.902,15.397,18.368
3,0.746,0.124,0.464,0.568,0.093,0.281,7.65,18.806,19.99
9,0.143,0.033,0.089,0.156,0.039,0.094,12.43,22.852,22.342
3,0.391,0.022,0.135,0.202,0.029,0.076,13.989,23.412,22.398
12,1.543,0.222,0.486,1.202,0.122,0.355,16.096,22.671,21.666
2,0.389,0.072,0.226,0.389,0.061,0.172,6.969,15.295,19.414
3,0.159,0.026,0.067,0.157,0.029,0.053,4.692,16.276,19.133
4,0.977,0.026,0.263,0.822,0.022,0.198,14.552,20.556,19.62
10,0.602,0.061,0.23,0.309,0.04,0.094,12.372,16.366,19.345
1,0.112,0.036,0.038,0.093,0.034,0.024,5.833,14,18.543
0,0.143,0.052,0.058,0.12,0.051,0.031,3.362,17.408,18.381
1,0.234,0.059,0.03,0.184,0.071,0.025,4.449,18.716,17.844
0,0.588,0.057,0.157,0.431,0.044,0.117,8.775,16.241,18.391
3,0.509,0.082,0.116,0.41,0.077,0.11,14.976,19.814,19.635
12,0.659,0.09,0.263,0.552,0.095,0.217,10.907,17.36,18.802
0,0.176,0.041,0.038,0.15,0.04,0.03,4.849,14.585,18.119
0,0.602,0.035,0.213,0.397,0.035,0.134,10.807,15.992,19.007
16,0.895,0.027,0.171,0.619,0.025,0.103,18.648,22.159,19.851
1,0.286,0.031,0.071,0.264,0.029,0.062,6.118,14.623,18.591
0,0.261,0.063,0.055,0.224,0.059,0.046,7.925,13.087,18.589
4,0.646,0.517,0.293,0.537,0.412,0.228,15.251,20.243,19.385
10,0.984,0.329,0.219,0.639,0.322,0.193,13.553,23.977,21.755
6,0.786,0.032,0.07,0.566,0.036,0.062,19.968,28.047,21.993
1,0.62,0.017,0.034,0.588,0.016,0.035,21.315,26.4,22.279
5,0.612,0.092,0.022,0.491,0.067,0.027,21.327,26.945,22.078
6,0.938,0.194,0.046,0.836,0.183,0.056,20.633,26.702,21.255
1,0.699,0.173,0.071,0.652,0.162,0.081,16.381,22.16,20.087
2,0.431,0.562,0.094,0.549,0.552,0.067,10.896,19.476,19.821
3,0.107,0.094,0.027,0.139,0.116,0.035,10.852,19.933,18.756
1,0.137,0.165,0.035,0.133,0.181,0.042,11.034,20.467,19.645
1,0.202,0.124,0.027,0.217,0.145,0.035,9.326,20.055,19.764
3,0.118,0.119,0.015,0.105,0.128,0.021,9.194,20.252,19.204
0,0.154,0.223,0.029,0.182,0.258,0.034,10.754,21.313,20.386
2,0.693,0.307,0.089,0.617,0.383,0.08,12.338,23.135,21.221
10,0.746,0.206,0.104,0.731,0.184,0.109,14.428,26.467,21.552
7,0.558,0.149,0.08,0.341,0.125,0.065,14.237,24.219,21.269
3,0.496,0.201,0.113,0.316,0.162,0.083,17.534,24.21,21.245
5,0.343,0.162,0.078,0.212,0.102,0.048,11.522,21.499,20.921
5,0.715,0.084,0.114,0.747,0.074,0.135,7.96,20.65,19.83
2,0.842,0.021,0.081,0.876,0.019,0.063,9.926,20.986,19.19
3,0.155,0.013,0.043,0.126,0.016,0.033,11.866,21.787,19.221
3,0.195,0.135,0.073,0.187,0.167,0.065,10.175,21.012,18.685
2,0.062,0.071,0.127,0.052,0.078,0.105,10.209,19.201,17.39
2,0.052,0.009,0.12,0.091,0.011,0.092,9.856,17.237,15.563
1,0.02,0.005,0.019,0.029,0.008,0.015,9.858,17.089,15.23
1,0.038,0.004,0.014,0.035,0.008,0.015,9.776,17.11,15.156
2,0.038,0.005,0.063,0.046,0.008,0.047,9.691,17.379,15.284
5,0.224,0.01,0.128,0.22,0.012,0.111,9.559,18.453,16.721
2,0.342,0.017,0.05,0.3,0.017,0.047,8.964,17.752,17.012
1,0.108,0.085,0.064,0.082,0.067,0.049,9.473,19.335,16.772
2,0.038,0.01,0.073,0.037,0.014,0.071,9.564,18.02,16.275
0,0.032,0.003,0.02,0.039,0.006,0.021,9.467,17.237,15.757
1,0.038,0.005,0.152,0.052,0.008,0.165,9.472,17.653,15.806
0,0.044,0.004,0.036,0.057,0.006,0.034,9.479,17.77,15.78
4,0.277,0.041,0.154,0.305,0.044,0.143,10.28,18.362,16.1
1,0.113,0.108,0.324,0.116,0.156,0.289,10.041,17.776,15.798
0,0.066,0.007,0.029,0.099,0.011,0.031,9.877,17.092,15.298
1,0.046,0.006,0.03,0.058,0.01,0.021,9.682,16.797,15.051
0,0.047,0.007,0.014,0.068,0.01,0.017,9.662,16.599,14.859
1,0.044,0.007,0.032,0.062,0.011,0.037,9.481,16.394,14.779
0,0.032,0.006,0.016,0.043,0.01,0.02,9.437,16.231,14.547
1,0.054,0.005,0.021,0.065,0.009,0.02,9.207,16.289,14.708
2,0.081,0.007,0.038,0.114,0.012,0.036,9.055,16.39,14.747
0,0.034,0.006,0.014,0.044,0.01,0.016,9.032,16.48,14.669
0,0.077,0.005,0.024,0.056,0.009,0.021,9.142,16.745,14.804
3,0.175,0.007,0.064,0.108,0.011,0.041,9.796,17.707,15.549
1,0.08,0.012,0.046,0.119,0.018,0.043,9.542,18.152,15.936
0,0.056,0.004,0.023,0.086,0.007,0.027,9.564,18.249,15.848
0,0.038,0.017,0.023,0.051,0.016,0.025,9.621,18.37,15.856
4,0.161,0.072,0.121,0.138,0.061,0.104,11.039,19.13,17.166
1,0.135,0.02,0.058,0.109,0.024,0.047,10.944,18.708,17.942
0,0.061,0.02,0.131,0.061,0.021,0.084,10.035,17.941,17.073
2,0.042,0.01,0.105,0.063,0.014,0.094,10.259,17.528,16.141
2,0.024,0.006,0.093,0.031,0.01,0.082,10.203,17.359,16.442
1,0.034,0.005,0.029,0.045,0.009,0.024,10.059,16.769,16.23
1,0.008,0.003,0.072,0.014,0.005,0.05,10.056,17.553,16.437
1,0.013,0.004,0.035,0.017,0.007,0.029,10.023,18.009,16.678
3,0.024,0.006,0.059,0.03,0.01,0.057,10.046,17.289,16.204
0,0.048,0.007,0.02,0.059,0.009,0.019,10.082,16.816,15.798
3,0.166,0.053,0.094,0.15,0.034,0.062,10.523,17.89,16.534
3,0.051,0.012,0.049,0.057,0.014,0.027,9.761,17.363,16.534
0,0.052,0.009,0.023,0.068,0.012,0.022,9.716,17.012,16.165
1,0.084,0.006,0.03,0.102,0.011,0.029,9.411,17.14,16.324
0,0.031,0.006,0.011,0.034,0.01,0.012,9.388,17.158,16.189
3,0.301,0.037,0.12,0.196,0.036,0.067,11.96,18.736,16.864
9,0.236,0.203,0.146,0.225,0.224,0.125,12.733,20.286,17.989
2,0.358,0.331,0.057,0.29,0.309,0.06,9.144,20.346,20.049
1,0.071,0.106,0.044,0.061,0.085,0.038,7.341,21.537,21.311
1,0.026,0.165,0.045,0.027,0.152,0.036,9.066,22.592,21.828
1,0.025,0.164,0.03,0.022,0.152,0.032,10.476,23.082,21.533
6,0.35,0.42,0.14,0.332,0.398,0.138,11.91,23.083,20.79
5,0.61,0.198,0.097,0.425,0.156,0.074,12.717,21.855,20.685
8,0.664,0.099,0.115,0.441,0.065,0.081,19.86,24.819,20.536
6,1.252,0.423,0.161,1.128,0.413,0.117,18.674,24.156,19.574
4,0.547,0.189,0.118,0.452,0.217,0.079,13.417,24.561,19.74
3,0.644,0.175,0.113,0.751,0.158,0.079,12.82,23.353,19.441
1,0.42,0.109,0.119,0.402,0.084,0.089,12.943,22.028,19.07
5,0.32,0.212,0.185,0.309,0.181,0.129,10.98,20.351,17.248
1,0.325,0.259,0.113,0.321,0.278,0.091,11.497,18.862,17.081
2,0.425,0.415,0.109,0.357,0.466,0.093,10.72,18.513,18.816
5,0.151,0.07,0.127,0.115,0.087,0.074,9.997,19.632,17.241
0,0.041,0.006,0.044,0.048,0.009,0.034,9.986,18.783,16.102
0,0.027,0.004,0.021,0.037,0.007,0.017,10.016,18.365,15.582
0,0.069,0.008,0.021,0.096,0.013,0.021,9.903,18.286,15.515
1,0.066,0.007,0.042,0.077,0.011,0.036,9.779,18.568,15.679
3,0.066,0.007,0.04,0.054,0.009,0.034,10.024,19.097,15.927
0,0.036,0.005,0.033,0.044,0.008,0.032,9.881,18.765,15.77
1,0.059,0.005,0.021,0.061,0.007,0.022,9.738,18.855,15.842
1,0.033,0.004,0.013,0.034,0.007,0.016,9.587,19.035,16.004
2,0.059,0.006,0.031,0.045,0.007,0.023,9.415,18.933,16.031
0,0.033,0.006,0.012,0.03,0.009,0.015,9.317,18.447,15.683
2,0.026,0.004,0.019,0.025,0.007,0.019,9.296,18.275,15.574
0,0.041,0.003,0.019,0.041,0.006,0.02,9.245,18.202,15.481
3,0.124,0.011,0.074,0.082,0.013,0.049,9.717,18.87,15.896
1,0.077,0.011,0.132,0.099,0.012,0.093,9.691,18.018,15.412
0,0.039,0.006,0.019,0.054,0.008,0.018,9.47,17.285,14.648
1,0.051,0.006,0.04,0.046,0.008,0.029,9.38,17.698,14.913
1,0.029,0.007,0.026,0.034,0.012,0.025,9.117,18.348,15.566
1,0.059,0.004,0.022,0.076,0.007,0.026,9.07,18.243,15.517
2,0.062,0.005,0.031,0.074,0.007,0.04,8.973,18.374,15.573
0,0.032,0.004,0.011,0.037,0.006,0.012,8.892,18.38,15.559
1,0.069,0.005,0.048,0.055,0.007,0.03,8.822,18.87,16.041
2,0.034,0.006,0.051,0.037,0.008,0.04,8.768,18.886,16.082
0,0.035,0.005,0.024,0.048,0.008,0.021,8.834,18.949,16.034
0,0.078,0.005,0.039,0.06,0.006,0.029,8.844,18.778,15.92
5,0.328,0.048,0.166,0.289,0.041,0.139,11.167,20.755,17.245
0,0.129,0.124,0.153,0.119,0.087,0.138,10.55,21.262,17.515
5,0.057,0.008,0.119,0.082,0.012,0.121,9.964,18.067,15.2
2,0.056,0.004,0.016,0.06,0.008,0.017,9.962,17.44,14.525
2,0.038,0.003,0.01,0.047,0.006,0.011,9.789,17.484,14.589
0,0.017,0.004,0.01,0.023,0.007,0.011,9.805,17.474,14.482
0,0.047,0.003,0.015,0.033,0.005,0.015,9.887,17.491,14.398
4,0.061,0.003,0.029,0.051,0.005,0.026,9.768,17.323,14.401
0,0.04,0.005,0.015,0.053,0.008,0.016,9.615,17.027,14.229
1,0.031,0.004,0.014,0.037,0.006,0.018,9.592,16.859,14.034
0,0.021,0.003,0.01,0.029,0.005,0.012,9.583,16.799,13.938
1,0.049,0.003,0.036,0.046,0.006,0.023,9.434,16.999,14.003
4,0.121,0.006,0.026,0.118,0.008,0.023,9.614,17.38,14.084
1,0.057,0.005,0.017,0.058,0.008,0.014,9.567,16.969,13.863
1,0.054,0.007,0.019,0.067,0.011,0.019,9.348,16.782,13.846
1,0.055,0.005,0.032,0.052,0.01,0.028,9.225,16.993,14
0,0.115,0.005,0.051,0.153,0.008,0.05,9.094,17.317,14.262
1,0.038,0.003,0.016,0.046,0.005,0.02,9.006,17.196,14.158
2,0.206,0.02,0.127,0.138,0.019,0.07,9.939,18.453,14.911
8,0.403,0.365,0.186,0.338,0.323,0.146,12.83,23.685,18.583
2,0.221,0.285,0.044,0.17,0.3,0.05,13.549,25.087,23.22
0,0.148,0.197,0.102,0.096,0.167,0.12,11.55,22.954,22.826
1,0.071,0.044,0.025,0.055,0.037,0.027,9.986,22.582,21.721
1,0.195,0.198,0.037,0.218,0.228,0.041,13.317,22.38,21.539
3,0.101,0.174,0.112,0.092,0.157,0.08,11.784,21.756,20.895
5,0.189,0.204,0.156,0.194,0.205,0.122,11.823,20.745,19.149
4,0.109,0.025,0.075,0.072,0.023,0.039,12.729,20.086,18.254
2,0.244,0.006,0.032,0.13,0.009,0.02,10.091,19.857,17.811
1,0.061,0.008,0.023,0.053,0.009,0.023,9.072,19.72,17.467
1,0.026,0.002,0.014,0.032,0.004,0.016,9.031,19.66,17.203
0,0.098,0.004,0.03,0.092,0.007,0.028,9.186,19.639,17.211
6,0.232,0.076,0.104,0.14,0.048,0.059,11.961,19.984,18.635
4,0.128,0.264,0.052,0.118,0.229,0.04,14.755,20.198,20.38
2,0.111,0.157,0.094,0.111,0.148,0.079,17.242,21.325,21.925
2,0.565,0.66,0.428,0.499,0.516,0.278,14.019,21.688,21.535
2,0.277,0.383,0.073,0.213,0.351,0.072,15.024,23.108,21.751
4,0.376,0.196,0.062,0.368,0.231,0.057,9.265,21.971,21.532
0,0.197,0.111,0.025,0.22,0.119,0.03,8.33,22.531,20.821
1,0.125,0.05,0.017,0.092,0.038,0.021,7.377,21.564,20.194
4,0.125,0.037,0.024,0.128,0.041,0.033,9.186,22.787,20.558
2,0.178,0.151,0.035,0.145,0.147,0.039,10.338,22.953,21.009
2,0.121,0.057,0.028,0.087,0.055,0.03,9.094,21.991,21.311
5,0.275,0.039,0.045,0.166,0.04,0.047,9.675,22.743,21.425
5,0.236,0.082,0.047,0.129,0.061,0.045,10.593,21.744,21.869
5,0.258,0.287,0.046,0.178,0.218,0.047,12.04,21.592,21.771
3,0.207,0.328,0.035,0.227,0.371,0.047,11.335,21.469,19.889
3,0.33,0.448,0.062,0.303,0.354,0.063,12.491,20.286,19.281
4,0.253,0.184,0.062,0.186,0.178,0.052,15.32,14.517,17.217
2,0.8,0.977,0.129,0.805,0.95,0.129,15.014,18.163,17.239
6,0.443,0.204,0.054,0.274,0.224,0.049,8.573,20.914,21.388
2,0.344,0.145,0.068,0.256,0.14,0.059,10.184,20.877,20.46
9,0.417,0.239,0.06,0.254,0.165,0.044,19.64,26.931,20.628
5,0.544,0.225,0.046,0.483,0.221,0.054,13.57,23.302,18.769
2,0.067,0.06,0.024,0.062,0.073,0.029,9.321,19.781,17.811
1,0.088,0.081,0.027,0.069,0.086,0.03,9.521,19.054,17.151
3,0.754,0.206,0.08,0.701,0.168,0.072,12.702,20.266,17.837
3,0.284,0.099,0.094,0.217,0.084,0.053,10.645,22.008,19.492
3,0.154,0.026,0.104,0.133,0.026,0.08,10.81,23.909,20.276
9,0.458,0.269,0.097,0.311,0.17,0.092,13.444,23.962,22.2
4,0.567,0.337,0.082,0.479,0.358,0.096,22.504,26.188,23.463
2,0.686,0.017,0.206,0.471,0.016,0.167,22.599,28.253,22.847
2,0.563,0.015,0.241,0.358,0.015,0.16,15.351,27.119,20.077
9,1.052,0.287,0.319,0.848,0.235,0.239,16.36,28.05,19.659
4,0.348,0.38,0.352,0.283,0.286,0.228,9.992,26.907,23.493
0,0.602,0.054,0.398,0.679,0.061,0.266,12.344,28.023,24.282
2,0.758,0.223,0.154,0.813,0.193,0.149,17.914,28.952,25.565
3,0.539,0.154,0.16,0.481,0.151,0.132,10.659,28.109,25.453
4,0.317,0.06,0.054,0.347,0.059,0.043,8.882,28.219,24.102
0,0.889,0.051,0.104,1.067,0.033,0.062,14.186,28.534,23.895
1,0.564,0.467,0.207,0.435,0.383,0.161,13.708,25.21,21.947
5,0.758,0.449,0.148,0.618,0.398,0.126,15.517,24.451,21.353
3,1.339,0.351,0.261,1.37,0.349,0.242,16.615,24.056,21.577
4,0.686,0.31,0.206,0.524,0.23,0.127,11.834,23.457,19.938
3,0.284,0.287,0.573,0.194,0.214,0.313,12.308,23.22,17.897
4,0.033,0.006,0.102,0.039,0.01,0.084,10.85,16.474,13.367
0,0.028,0.003,0.017,0.035,0.005,0.016,10.823,15.933,12.881
0,0.217,0.004,0.113,0.258,0.008,0.109,9.84,15.48,13.04
5,0.375,0.004,0.17,0.393,0.007,0.129,8.586,16.677,14.288
3,0.06,0.004,0.056,0.067,0.007,0.037,10.041,17.246,13.351
2,0.023,0.002,0.012,0.032,0.004,0.014,9.882,17.229,13.111
0,0.037,0.002,0.008,0.056,0.004,0.01,9.86,17.28,13.111
2,0.035,0.002,0.011,0.047,0.003,0.011,9.719,17.129,13.111
2,0.074,0.002,0.018,0.088,0.003,0.014,9.457,17.023,13.207
2,0.027,0.002,0.011,0.033,0.003,0.011,9.346,17.04,13.246
0,0.034,0.002,0.011,0.044,0.004,0.012,9.278,16.925,13.181
4,0.153,0.003,0.057,0.191,0.004,0.055,9.364,17.397,13.523
1,0.078,0.002,0.027,0.066,0.003,0.021,9.444,17.966,13.935
2,0.045,0.003,0.021,0.05,0.005,0.022,9.345,18.374,14.304
0,0.091,0.003,0.024,0.068,0.006,0.019,9.425,18.49,14.305
4,0.191,0.002,0.071,0.156,0.004,0.065,9.929,18.556,14.085
2,0.031,0.001,0.016,0.038,0.002,0.016,9.855,17.928,13.631
0,0.031,0.002,0.01,0.034,0.003,0.012,9.811,17.784,13.497
3,0.057,0.005,0.03,0.062,0.008,0.027,9.613,17.915,13.616
1,0.059,0.011,0.022,0.069,0.018,0.021,9.499,18.02,13.637
2,0.019,0.002,0.012,0.026,0.004,0.016,9.319,17.55,13.401
0,0.016,0.002,0.008,0.021,0.003,0.01,9.383,17.634,13.373
2,0.071,0.001,0.013,0.086,0.002,0.017,9.392,17.712,13.371
2,0.089,0.003,0.018,0.128,0.004,0.024,9.246,17.577,13.352
3,0.052,0.002,0.013,0.061,0.004,0.014,9.227,17.564,13.338
2,0.031,0.004,0.013,0.046,0.007,0.015,9.248,17.474,13.246
1,0.025,0.003,0.016,0.04,0.005,0.018,9.285,17.527,13.206
0,0.08,0.003,0.02,0.061,0.004,0.018,9.317,17.71,13.298
4,0.141,0.007,0.056,0.088,0.009,0.044,9.747,18.049,13.35
2,0.038,0.003,0.013,0.053,0.005,0.015,9.61,17.505,12.97
3,0.026,0.004,0.021,0.038,0.007,0.022,9.474,17.552,12.963
2,0.035,0.002,0.011,0.037,0.004,0.012,9.389,17.867,13.148
1,0.044,0.003,0.012,0.05,0.006,0.013,9.222,17.832,13.143
3,0.019,0.003,0.012,0.025,0.005,0.013,9.122,17.583,13.001
0,0.055,0.002,0.017,0.051,0.005,0.017,9.098,17.549,12.997
3,0.067,0.004,0.022,0.065,0.005,0.019,8.974,17.904,13.364
0,0.033,0.002,0.009,0.04,0.005,0.011,8.965,18.065,13.453
0,0.031,0.003,0.009,0.032,0.005,0.01,8.994,18.092,13.427
2,0.093,0.003,0.02,0.089,0.005,0.02,8.971,18.019,13.413
5,0.162,0.004,0.057,0.205,0.006,0.056,9.531,18.097,13.255
2,0.03,0.003,0.009,0.03,0.005,0.012,9.384,17.732,13.048
1,0.018,0.002,0.007,0.023,0.004,0.011,9.284,17.722,13.05
2,0.109,0.033,0.03,0.101,0.034,0.026,9.187,17.779,13.181
1,0.05,0.022,0.035,0.065,0.027,0.031,9.406,17.593,13.056
0,0.021,0.003,0.012,0.031,0.006,0.012,9.456,17.362,12.851
0,0.021,0.003,0.01,0.03,0.004,0.014,9.464,17.471,12.862
3,0.058,0.005,0.012,0.085,0.007,0.017,9.3,17.415,12.861
0,0.025,0.002,0.008,0.034,0.004,0.011,9.259,17.419,12.863
1,0.059,0.003,0.009,0.056,0.005,0.01,9.174,17.407,12.911
2,0.034,0.003,0.011,0.042,0.005,0.01,9.14,17.451,12.962
0,0.026,0.002,0.007,0.029,0.005,0.01,9.071,17.405,12.949
2,0.137,0.004,0.024,0.137,0.007,0.028,9.157,17.455,13.001
3,0.12,0.007,0.077,0.114,0.011,0.06,10.125,17.682,12.79
4,0.061,0.003,0.018,0.098,0.006,0.015,10.074,17.156,12.469
0,0.114,0.008,0.029,0.106,0.008,0.02,10.103,17.139,12.584
3,0.223,0.032,0.085,0.149,0.028,0.056,9.966,17.755,13.475
0,0.049,0.013,0.067,0.056,0.014,0.053,9.382,17.683,13.395
0,0.043,0.003,0.016,0.055,0.005,0.015,9.483,17.237,12.988
3,0.049,0.003,0.012,0.068,0.006,0.013,9.373,17.16,12.93
1,0.039,0.003,0.018,0.039,0.005,0.014,9.398,17.419,13.037
2,0.042,0.003,0.03,0.052,0.006,0.03,9.269,17.535,13.161
0,0.029,0.003,0.012,0.048,0.004,0.013,9.265,17.538,13.113
1,0.028,0.002,0.011,0.033,0.004,0.011,9.209,17.564,13.164
3,0.059,0.003,0.057,0.057,0.005,0.05,9.017,18.23,13.749
0,0.013,0.002,0.011,0.02,0.004,0.012,8.961,18.671,14.031
2,0.177,0.003,0.042,0.114,0.006,0.04,9.273,18.55,13.827
3,0.046,0.003,0.073,0.044,0.006,0.067,10.011,17.316,12.52
2,0.08,0.004,0.019,0.064,0.006,0.017,9.725,16.765,12.231
0,0.025,0.004,0.008,0.033,0.007,0.011,9.55,16.712,12.326
0,0.014,0.004,0.017,0.02,0.007,0.014,9.569,16.922,12.416
1,0.025,0.003,0.045,0.04,0.007,0.03,9.555,17.338,12.715
1,0.085,0.005,0.021,0.09,0.007,0.014,9.754,17.653,12.921
1,0.06,0.02,0.019,0.067,0.017,0.013,9.907,17.783,13.049
1,0.062,0.008,0.028,0.076,0.01,0.024,9.949,17.746,12.96
3,0.095,0.025,0.068,0.129,0.024,0.069,9.766,18.286,13.599
0,0.114,0.01,0.041,0.195,0.012,0.028,9.809,18.66,13.91
4,0.095,0.007,0.02,0.108,0.011,0.018,9.51,18.566,13.892
2,0.111,0.027,0.063,0.079,0.027,0.042,9.607,18.766,13.981
6,0.555,0.145,0.38,0.438,0.159,0.235,12.604,22.861,17.261
9,0.286,0.104,0.092,0.216,0.091,0.07,13.881,25.105,20.179
2,0.182,0.115,0.042,0.16,0.106,0.042,9.702,21.557,20.554
1,0.106,0.247,0.086,0.088,0.181,0.059,7.169,21.42,21.776
3,0.62,0.108,0.145,0.424,0.072,0.121,8.806,21.212,21.902
5,0.263,0.233,0.071,0.255,0.182,0.062,9.546,22.603,20.542
3,0.07,0.177,0.028,0.075,0.141,0.029,8.283,22.273,20.43
2,0.236,0.103,0.052,0.184,0.087,0.055,7.195,21.713,22.151
9,0.413,0.494,0.102,0.366,0.37,0.094,13.572,21.395,21.512
4,0.377,0.185,0.064,0.34,0.156,0.053,12.151,19.7,21.362
0,0.391,0.163,0.08,0.321,0.123,0.054,10.269,22.128,21.543
3,0.143,0.088,0.034,0.105,0.075,0.034,9.358,23.964,20.93
0,0.138,0.101,0.029,0.12,0.112,0.032,8.507,23.002,19.858
1,0.094,0.065,0.016,0.083,0.06,0.027,8.36,22.592,20.275
1,0.191,0.071,0.012,0.14,0.056,0.016,8.412,21.956,20.746
8,0.273,0.246,0.026,0.209,0.216,0.026,12.779,21.48,21.16
3,0.26,0.219,0.05,0.229,0.185,0.047,15.414,15.018,17.197
3,0.243,0.301,0.085,0.176,0.236,0.066,15.866,17.202,15.419
8,0.436,0.319,0.052,0.278,0.296,0.055,10.97,21.425,21.18
5,0.247,0.146,0.038,0.189,0.096,0.038,8.479,21.327,21.241
7,0.528,0.488,0.154,0.502,0.56,0.147,15.387,23.173,20.79
4,0.414,0.134,0.16,0.406,0.139,0.145,14.457,24.148,20.305
4,0.105,0.017,0.21,0.126,0.022,0.13,9.993,19.554,16.654
1,0.044,0.005,0.047,0.041,0.007,0.034,9.824,17.54,14.667
3,0.047,0.004,0.017,0.049,0.006,0.015,9.677,17.446,14.435
0,0.048,0.003,0.012,0.053,0.007,0.014,9.612,17.505,14.342
5,0.094,0.004,0.022,0.12,0.006,0.023,9.722,17.492,14.377
2,0.143,0.004,0.019,0.183,0.007,0.021,9.612,17.445,14.41
1,0.068,0.007,0.018,0.097,0.01,0.017,9.471,17.279,14.299
3,0.071,0.005,0.027,0.108,0.01,0.022,9.351,17.037,14.06
0,0.038,0.003,0.018,0.056,0.006,0.019,9.335,16.977,13.954
0,0.031,0.002,0.011,0.043,0.003,0.014,9.283,16.931,13.896
3,0.087,0.003,0.009,0.115,0.005,0.012,9.106,16.802,13.844
3,0.125,0.006,0.019,0.115,0.008,0.015,9.18,16.815,13.838
2,0.049,0.006,0.01,0.064,0.01,0.012,9.288,16.85,13.718
2,0.039,0.008,0.009,0.047,0.011,0.011,9.267,16.763,13.681
2,0.082,0.007,0.013,0.109,0.01,0.012,9.092,16.688,13.756
3,0.062,0.005,0.008,0.099,0.01,0.01,8.931,16.567,13.716
1,0.051,0.004,0.014,0.06,0.007,0.014,8.964,16.712,13.743
4,0.46,0.164,0.201,0.433,0.258,0.151,9.67,18.078,14.378
4,0.05,0.034,0.036,0.069,0.057,0.033,9.416,19.362,15.374
3,0.069,0.005,0.025,0.095,0.008,0.02,9.499,19.226,15.06
1,0.022,0.006,0.015,0.032,0.011,0.017,9.454,18.935,14.694
0,0.045,0.004,0.011,0.044,0.006,0.015,9.492,18.929,14.617
5,0.05,0.004,0.02,0.045,0.005,0.022,9.474,18.743,14.575
2,0.051,0.003,0.016,0.053,0.005,0.015,9.297,18.575,14.526
1,0.024,0.002,0.016,0.031,0.005,0.016,9.21,18.633,14.48
0,0.02,0.004,0.014,0.029,0.007,0.016,9.119,18.601,14.405
2,0.058,0.003,0.019,0.048,0.005,0.019,9.058,18.673,14.536
1,0.036,0.002,0.011,0.044,0.004,0.013,9.002,18.652,14.591
4,0.115,0.007,0.02,0.088,0.009,0.019,9.29,18.772,14.549
1,0.042,0.005,0.019,0.05,0.007,0.02,9.353,18.519,14.37
3,0.021,0.004,0.025,0.03,0.007,0.022,9.294,18.458,14.32
1,0.056,0.006,0.049,0.063,0.009,0.034,9.227,19.061,14.839
2,0.082,0.011,0.02,0.108,0.014,0.023,9.043,19.17,15.061
2,0.036,0.005,0.013,0.045,0.008,0.016,9.028,19.169,14.999
1,0.2,0.057,0.132,0.173,0.043,0.091,9.963,20.263,15.822
11,0.657,0.273,0.176,0.314,0.2,0.121,14.283,23.717,18.467
6,0.556,0.098,0.131,0.479,0.088,0.107,14.71,26.686,20.232
3,0.313,0.169,0.081,0.256,0.113,0.061,10.105,22.185,20.601
1,0.086,0.125,0.063,0.075,0.12,0.048,9.492,21.571,19.372
0,0.186,0.135,0.054,0.1,0.109,0.049,10.079,21.798,19.531
6,0.41,0.163,0.052,0.255,0.132,0.045,11.359,23.373,19.559
3,0.263,0.098,0.052,0.233,0.114,0.046,9.15,22.451,20.266
6,0.413,0.035,0.054,0.316,0.032,0.045,10.144,23.122,20.38
7,0.796,0.053,0.08,0.572,0.056,0.079,13.54,24.438,20.873
6,0.613,0.311,0.146,0.531,0.346,0.143,12.771,22.639,21.083
2,0.428,0.223,0.121,0.369,0.227,0.101,9.314,22.356,21.599
2,0.595,0.655,0.14,0.493,0.626,0.103,13.07,23.297,24.996
2,0.273,0.469,0.198,0.212,0.315,0.129,16.291,22.18,26.181
3,0.224,0.256,0.067,0.172,0.188,0.073,10.663,22.691,23.408
3,0.272,0.377,0.087,0.169,0.198,0.069,11.593,22.941,22.419
5,0.519,0.601,0.345,0.448,0.582,0.324,12.696,22.655,22.527
5,0.374,0.121,0.144,0.257,0.111,0.089,11.879,21.109,21.413
4,0.373,0.122,0.126,0.309,0.097,0.097,10.521,22.224,20.609
10,0.42,0.248,0.195,0.275,0.178,0.125,17.403,26.197,22.927
1,0.419,0.054,0.125,0.207,0.043,0.063,10.016,25.726,23.549
3,0.136,0.018,0.072,0.108,0.018,0.05,7.464,25.134,22.46
10,0.89,0.162,0.2,0.896,0.122,0.144,7.739,24.49,22.486
2,1.425,0.803,0.285,1.537,0.753,0.282,16.139,25.157,22.196
3,0.519,0.058,0.056,0.436,0.062,0.054,16.932,25.844,21.846
9,0.463,0.302,0.147,0.343,0.298,0.098,12.798,23.034,21.351
5,0.392,0.209,0.084,0.215,0.127,0.062,13.912,25.823,22.408
10,0.164,0.254,0.209,0.11,0.184,0.185,5.586,23.353,22.396
0,0.006,0.007,0.028,0.009,0.009,0.038,5.037,22.451,21.67
1,0.002,0.002,0.015,0.004,0.004,0.022,5.044,22.447,21.659
1,0.002,0.003,0.012,0.005,0.005,0.019,5.046,22.385,21.601
0,0.004,0.002,0.012,0.007,0.004,0.017,5.046,22.349,21.533
0,0.004,0.001,0.013,0.007,0.003,0.019,5.049,22.328,21.497
0,0.003,0.003,0.014,0.006,0.004,0.021,5.057,22.309,21.478
1,0.004,0.005,0.014,0.007,0.006,0.021,5.072,22.289,21.48
0,0.002,0.001,0.012,0.004,0.003,0.019,5.061,22.281,21.479
0,0.001,0.002,0.013,0.001,0.004,0.019,5.058,22.303,21.496
0,0.003,0.003,0.013,0.005,0.005,0.021,5.061,22.319,21.51
